{
  "report_generated": "2025-11-02 04:48:33",
  "dataset_info": {
    "total_stocks": 10,
    "stock_list": [
      "RELIANCE",
      "HDFCBANK",
      "TCS",
      "BHARTIARTL",
      "ICICIBANK",
      "SBIN",
      "INFY",
      "KOTAKBANK",
      "BAJFINANCE",
      "HINDUNILVR"
    ],
    "total_train_samples": 11600,
    "total_test_samples": 2910
  },
  "baseline_model": {
    "average_accuracy": 0.5274914089347079,
    "average_precision": 0.5257075707174276,
    "average_recall": 0.7348862342069765,
    "average_f1": 0.608179420483245,
    "average_loss": 0.6994020707828482,
    "std_accuracy": 0.030360500070328925,
    "best_stock": "SBIN",
    "best_accuracy": 0.570446735395189,
    "worst_stock": "BAJFINANCE",
    "worst_accuracy": 0.4707903780068728
  },
  "sentiment_model": {
    "average_accuracy": 0.5536082474226804,
    "average_precision": 0.5494130217456527,
    "average_recall": 0.671117882079536,
    "average_f1": 0.5999366504246723,
    "average_loss": 0.7656771439969334,
    "std_accuracy": 0.019266473524813116,
    "best_stock": "SBIN",
    "best_accuracy": 0.584192439862543,
    "worst_stock": "RELIANCE",
    "worst_accuracy": 0.5257731958762887
  },
  "comparison": {
    "average_improvement_accuracy": 0.012371134020618539,
    "average_improvement_percentage": 2.320681855854798,
    "stocks_improved": 6,
    "stocks_degraded": 4,
    "stocks_unchanged": 0,
    "max_improvement_stock": "INFY",
    "max_improvement_value": 0.0378006872852233,
    "max_improvement_pct": 7.432432432432429,
    "min_improvement_stock": "BAJFINANCE",
    "min_improvement_value": -0.0103092783505155,
    "min_improvement_pct": -1.875000000000013
  },
  "statistical_tests": {
    "paired_t_test": {
      "t_statistic": 3.7666660225940167,
      "p_value": 0.004439188907486986,
      "significant": true
    },
    "wilcoxon_test": {
      "w_statistic": 1.0,
      "p_value": 0.0078125,
      "significant": true
    },
    "effect_size": {
      "cohens_d": 1.1911243816564343,
      "interpretation": "Large effect"
    },
    "confidence_interval_95": {
      "lower": 0.010431775649302439,
      "upper": 0.04180190132664262
    }
  },
  "sector_analysis": {
    "Banking": {
      "avg_improvement": 0.0258,
      "stock_count": 4,
      "avg_baseline": 0.5447,
      "avg_sentiment": 0.5704
    },
    "Energy": {
      "avg_improvement": -0.0034,
      "stock_count": 1,
      "avg_baseline": 0.5292,
      "avg_sentiment": 0.5258
    },
    "FMCG": {
      "avg_improvement": 0.0206,
      "stock_count": 1,
      "avg_baseline": 0.5326,
      "avg_sentiment": 0.5533
    },
    "Financial Services": {
      "avg_improvement": 0.0687,
      "stock_count": 1,
      "avg_baseline": 0.4708,
      "avg_sentiment": 0.5395
    },
    "IT": {
      "avg_improvement": 0.0223,
      "stock_count": 2,
      "avg_baseline": 0.5326,
      "avg_sentiment": 0.555
    },
    "Telecom": {
      "avg_improvement": 0.0275,
      "stock_count": 1,
      "avg_baseline": 0.4983,
      "avg_sentiment": 0.5258
    }
  },
  "key_insights": [
    "Sentiment-enhanced model shows 2.32% average improvement over baseline.",
    "Improvement is statistically significant (p=0.0044 < 0.05).",
    "Sentiment features improved performance for 6/10 stocks (60.0%).",
    "Best performing sector: Financial Services with 0.0687 average improvement.",
    "Effect size (Cohen's d): 1.1911 - Large effect.",
    "Best improvement: INFY (+7.43%).",
    "Largest degradation: BAJFINANCE (-1.88%)."
  ]
}